,precision,recall,f1-score,support
BLL,0.8831168831168831,0.912751677852349,0.8976897689768977,298.0
FSRQ,0.8353658536585366,0.8353658536585366,0.8353658536585366,164.0
NoAGN,0.9148936170212766,0.8543046357615894,0.8835616438356164,151.0
accuracy,0.8776508972267537,0.8776508972267537,0.8776508972267537,0.8776508972267537
macro avg,0.877792117932232,0.8674740557574917,0.8722057554903501,613.0
weighted avg,0.8781692778777226,0.8776508972267537,0.8775356596644268,613.0
